Top pages,Clicks,Impressions,CTR,Position
https://www.altstreet.investments/blog/ai-infrastructure-investment-guide-compute-tokens-data-centers,6,854,0.7%,7.95
https://altstreet.investments/blog/quant-2-architecture-modern-trading-stack-ai-mlops,5,395,1.27%,8.41
https://altstreet.investments/,5,48,10.42%,11.75
https://altstreet.investments/tools/gpu/gpu-price-comparison,4,592,0.68%,43.21
https://altstreet.investments/blog/luxury-collectible-funds-institutional-guide-passion-asset-investment,4,183,2.19%,7.08
https://altstreet.investments/blog/from-farmland-to-infrastructure-the-investors-guide-to-fractional-real-assets,4,149,2.68%,13.14
https://altstreet.investments/blog/gpu-investment-evaluation-h100-h200-mi300x-roi-analysis,3,809,0.37%,6.83
https://altstreet.investments/blog/1740-broadway-cmbs-default-case-study-office-crisis,3,62,4.84%,7.68
https://www.altstreet.investments/,3,38,7.89%,3.82
https://altstreet.investments/investing/how-to-invest-100k,2,211,0.95%,54.37
https://altstreet.investments/blog/valuing-mineral-rights-npv-discount-rates-explained,2,145,1.38%,15.35
https://altstreet.investments/blog/structured-credit-securitized-yield-investment-guide,2,106,1.89%,14.86
https://altstreet.investments/tools/ai-infrastructure-calculator,2,12,16.67%,6.75
https://altstreet.investments/blog/litigation-finance-secondary-market-trading-liquidity,1,1191,0.08%,5.88
https://altstreet.investments/blog/the-rise-of-tokenized-real-world-assets-how-on-chain-finance-is-rebuilding-the-global-yield-market,1,593,0.17%,7.36
https://altstreet.investments/blog/art-collectibles-investment-guide-fractional-ownership,1,561,0.18%,8.66
https://altstreet.investments/blog/digital-ip-royalty-investing-complete-guide,1,453,0.22%,6.68
https://altstreet.investments/blog/litigation-finance-investing-guide-legal-claims-asset-class,1,435,0.23%,13.77
https://altstreet.investments/blog/how-the-art-market-works,1,364,0.27%,6.48
https://altstreet.investments/blog/mineral-rights-energy-royalties-investment,1,253,0.4%,9.15
https://www.altstreet.investments/blog/rbf-vs-venture-debt-vs-term-loans-comparison,1,240,0.42%,6.85
https://altstreet.investments/categories/longevity-biotech,1,232,0.43%,7.58
https://altstreet.investments/platforms,1,97,1.03%,39.92
https://altstreet.investments/investing/how-to-invest-10m,1,90,1.11%,8.1
https://altstreet.investments/platforms/reviews/patch,1,54,1.85%,10.59
https://altstreet.investments/platforms/reviews/klimadao,1,48,2.08%,7.62
https://altstreet.investments/tools/gpu/dashboard,1,47,2.13%,13.74
https://altstreet.investments/blog/fine-wine-whiskey-portfolio-allocation-guide-hnw-investors,1,36,2.78%,13.72
https://altstreet.investments/investing/how-to-invest-500k,1,20,5%,17.35
https://altstreet.investments/blog/fractional-secondary-market-liquidity-nav-discounts,1,17,5.88%,6.76
https://www.altstreet.investments/categories,1,15,6.67%,5.53
https://altstreet.investments/tools/classic-car-irr-calculator,1,8,12.5%,6.5
https://www.altstreet.investments/contact,1,3,33.33%,4.33
https://altstreet.investments/blog/film-revenue-waterfall-alternative-investment-guide-profit-participation,0,698,0%,6.63
https://altstreet.investments/investing/net-worth-guides,0,458,0%,8.59
https://altstreet.investments/blog/how-tokenized-treasury-products-generate-yield,0,432,0%,4.62
https://altstreet.investments/blog/ai-infrastructure-investing-portfolio-allocation-framework,0,388,0%,5.66
https://altstreet.investments/blog/luxury-asset-correlation-analysis-stocks-bonds-real-estate,0,315,0%,6.56
https://altstreet.investments/blog/tokenized-lawsuits-ilo-guide,0,308,0%,5.94
https://altstreet.investments/blog/classic-car-investment-guide-collectible-vehicles,0,262,0%,12.26
https://www.altstreet.investments/blog/direct-lending-senior-secured-loans-yield,0,250,0%,10.3
https://altstreet.investments/blog/ai-data-center-investment-analysis-framework,0,239,0%,7.64
https://altstreet.investments/blog/ai-cost-curves-model-size-economics,0,222,0%,6.42
https://altstreet.investments/blog/insurance-linked-securities-catastrophe-bonds-climate-risk,0,167,0%,17.74
https://altstreet.investments/blog/art-valuation-framework,0,163,0%,7.03
https://altstreet.investments/blog/litigation-finance-access-ladder,0,145,0%,6.11
https://altstreet.investments/investing/investment-strategies-by-goal,0,111,0%,7.74
https://altstreet.investments/blog/passion-asset-allocation-uhnw-portfolio-model,0,103,0%,11.42
https://altstreet.investments/platforms/reviews/ondofinance,0,102,0%,7.71
https://altstreet.investments/blog/cme-derivatives-outage-data-center-cooling-failure-case-study,0,94,0%,6.81
https://www.altstreet.investments/blog/art-valuation-framework,0,83,0%,7.61
https://altstreet.investments/blog/litigation-finance-structures-explained,0,59,0%,6.12
https://altstreet.investments/blog/ai-quant-wealthtech-platforms-algorithmic-trading-robo-advisors,0,54,0%,10.89
https://altstreet.investments/investing/portfolio-strategies,0,53,0%,38.58
https://altstreet.investments/investing/how-to-invest-2m,0,51,0%,7.27
https://altstreet.investments/blog/how-to-invest-in-climate-change-retail-guide,0,42,0%,36.9
https://www.altstreet.investments/blog/passion-asset-tax-estate-planning-guide,0,36,0%,7.17
https://altstreet.investments/investing/how-to-invest-1m,0,34,0%,6.62
https://www.altstreet.investments/blog/energy-transition-infrastructure-investment-guide-clean-energy-buildout,0,34,0%,33.24
https://altstreet.investments/investing/passive-income,0,29,0%,13.1
https://altstreet.investments/blog/alternative-debt-ecosystems-private-credit-revenue-based-financing-fintech-disruption,0,27,0%,11.67
https://altstreet.investments/blog/fractional-real-estate-due-diligence-checklist,0,23,0%,6
https://altstreet.investments/blog/passion-asset-platforms-access-guide,0,23,0%,26.13
https://altstreet.investments/taxes/structures,0,22,0%,12
https://altstreet.investments/taxes,0,21,0%,7.1
https://altstreet.investments/about,0,18,0%,7.44
https://altstreet.investments/platforms/reviews/cloverly,0,17,0%,16.59
https://altstreet.investments/platforms/reviews,0,14,0%,10.21
https://altstreet.investments/data,0,13,0%,4.54
https://altstreet.investments/investing,0,11,0%,6.27
https://www.altstreet.investments/categories/fractional-real-assets,0,11,0%,12.18
https://altstreet.investments/categories/ai-infrastructure-compute,0,9,0%,9.78
https://altstreet.investments/frameworks,0,7,0%,4.29
https://altstreet.investments/due-diligence/regulation,0,7,0%,7.57
https://www.altstreet.investments/about,0,6,0%,15.83
https://www.altstreet.investments/categories/ai-quant-wealthtech/ai-investing-platforms,0,4,0%,5
https://altstreet.investments/investing/how-to-invest,0,4,0%,6.25
https://altstreet.investments/due-diligence/risk,0,4,0%,9
https://www.altstreet.investments/categories/ai-infrastructure-compute,0,4,0%,9.5
https://www.altstreet.investments/categories/luxury-collectible-funds/indices-etfs,0,3,0%,3.67
https://www.altstreet.investments/categories/private-credit-rbf,0,3,0%,8.67
https://altstreet.investments/categories,0,2,0%,2.5
https://www.altstreet.investments/categories/insurance-linked-risk-markets/tokenised-insurance-funds,0,2,0%,7
https://www.altstreet.investments/categories/carbon-climate-finance,0,2,0%,8
http://altstreet.investments/,0,1,0%,3
https://www.altstreet.investments/glossary,0,1,0%,3
https://www.altstreet.investments/categories/tokenized-rwa,0,1,0%,6
https://altstreet.investments/platforms/reviews/puro_earth,0,1,0%,9
https://altstreet.investments/platforms/reviews/charmindustrial,0,1,0%,11
https://www.altstreet.investments/categories/carbon-climate-finance/nature-based-assets,0,1,0%,11