Top queries,Clicks,Impressions,CTR,Position
altstreet,5,46,10.87%,6.15
how can i generate yield from ai infrastructure assets?,2,39,5.13%,6.49
structured credit investor,2,6,33.33%,47.33
cloud gpu pricing,1,62,1.61%,81.32
how to invest 100k,1,61,1.64%,52.75
i have 100k to invest,1,9,11.11%,67.89
klimadao,1,5,20%,5
is yieldstreet legit,1,4,25%,79
quant,1,1,100%,2
"""direct lending default rates""",0,48,0%,10.65
what role do fractional ownership platforms play for collectibles?,0,41,0%,4.78
aleph zero lawsuit litigation blockchain 2025,0,32,0%,6.88
gpu cloud price comparison,0,31,0%,82.65
how to generate yield from ai infrastructure assets,0,29,0%,6.59
cloud gpu pricing comparison,0,27,0%,69.48
site:.investments,0,24,0%,4.25
gpu instance pricing,0,24,0%,81.71
litigation funding investment market,0,24,0%,93.58
"i want exposure to the ai boom through infrastructure - how do i invest in 
data centers?",0,23,0%,6.83
invest 100k,0,22,0%,69.14
gpu pricing comparison,0,20,0%,77.95
gpu pricing,0,18,0%,74.61
art investment platforms fractional ownership,0,17,0%,35.29
fractional farmland ownership,0,17,0%,38.47
gpu cloud pricing comparison,0,14,0%,51.29
alt street,0,12,0%,19.17
senior secured private loan,0,12,0%,56.58
average price per acre for mineral rights,0,12,0%,73
best alternative investment platforms,0,12,0%,96.75
"""westfleet"" ""2024"" ""aum"" ""litigation finance""",0,11,0%,6.91
cloud gpu cost,0,11,0%,73.64
carbon capture etf,0,11,0%,81.27
gpu rental prices,0,11,0%,82.18
cloud gpu price comparison,0,10,0%,66.2
how to invest $100k,0,10,0%,76.8
gpu cloud pricing,0,10,0%,91.5
portfolio construction strategies,0,9,0%,70.67
investment thesis physical ai infrastructure components,0,8,0%,2.88
mineral rights investing,0,8,0%,50.88
alternatives portfolio construction,0,8,0%,64.38
where should i invest 100k,0,8,0%,66.38
investing in classic cars,0,8,0%,72.12
insurance linked securities,0,8,0%,76.38
classic car investment,0,8,0%,84.62
lambda labs gpu pricing,0,8,0%,94.5
alternative investing with 100k,0,7,0%,36.57
ai infrastructure crypto,0,7,0%,93.43
datapath quant,0,7,0%,96
"""alternative investment""",0,6,0%,20.33
how to invest $100 k,0,6,0%,55
yieldstreet competitors,0,6,0%,68.5
where do i invest 100k,0,6,0%,68.67
how should i invest 100k,0,6,0%,72
cloud gpu price,0,6,0%,78.17
investments of passion,0,6,0%,86.33
gpu price comparison,0,6,0%,93
"tokenized u.s. treasuries fund with rebasing share class daily yield 
distribution $1.00 target price",0,5,0%,1
can luxury properties match s&p 500 returns over time?,0,5,0%,5.4
best place to invest $10m+ for long-term growth?,0,5,0%,10.8
securitized strategies yield structure risk characteristics comparison,0,5,0%,18.6
senior secured private loans,0,5,0%,45.6
100k what to invest in,0,5,0%,65.2
how best to invest 100k,0,5,0%,70.2
yieldstreet vs fundrise,0,5,0%,83.4
uhnw asset allocation,0,5,0%,89
gpu rental pricing,0,5,0%,92.4
catastrophe bond issuance,0,4,0%,6.5
fastest way to get ai infrastructure financing,0,4,0%,7.5
fractional farmland investment,0,4,0%,22
cloverly carbon,0,4,0%,45.5
royalty revenue financing ai data centres,0,4,0%,50.75
what to invest 100k in,0,4,0%,63.75
best way to invest 100k,0,4,0%,65.25
how invest 100k,0,4,0%,69
gpu rent price,0,4,0%,74.75
yieldstreet alternatives,0,4,0%,82.5
gpu cloud price,0,4,0%,86.25
quant 2.0,0,3,0%,8.67
quant 2,0,3,0%,9.67
what's the fastest way to get ai infrastructure financing?,0,3,0%,10.33
alstret,0,3,0%,45.33
high yield structured credit,0,3,0%,49.33
net worth targets by age,0,3,0%,57.67
portfolio construction methods,0,3,0%,59.67
treasury yield tokens,0,3,0%,59.67
100k investment,0,3,0%,68.67
acretrader fees,0,3,0%,74
tokenized treasuries,0,3,0%,76
nvidia l40s per hour cost,0,3,0%,76.33
insurance-linked security,0,3,0%,76.67
abs clo,0,3,0%,79.33
alternative infrastructure strategy,0,3,0%,80.33
fractional art,0,3,0%,80.33
portfolio construction with alternatives,0,3,0%,80.67
runpod l40s,0,3,0%,82.33
best way to invest $100k,0,3,0%,85
vital farmland reit,0,3,0%,88.67
yieldstreet review,0,3,0%,89.67
litigation investing,0,3,0%,91.67
data center design,0,2,0%,2.5
doe ai infrastructure power blockage solutions,0,2,0%,2.5
onchain treasury tokenization news today,0,2,0%,7.5
investment thesis physical ai infrastructure,0,2,0%,8
query volume impact on ai model cost,0,2,0%,8.5
"""runpod""",0,2,0%,10
fractional ownership art collectibles fees explained,0,2,0%,11
which token suits ai compute backing?,0,2,0%,11
tensorpool vs juice labs gpu costs,0,2,0%,12
fractional farm ownership,0,2,0%,26.5
patch carbon credits,0,2,0%,44.5
runpod pricing calculator,0,2,0%,50.5
investing 100k,0,2,0%,54
net worth percentiles by age,0,2,0%,59
how to build passive cash flow with a classic asset,0,2,0%,66
investment 100k,0,2,0%,69.5
insurance-linked securities,0,2,0%,75
patch carbon,0,2,0%,75
fundrise vs yieldstreet,0,2,0%,76
art ownership,0,2,0%,77
luxury real estate vs traditional asset classes comparison,0,2,0%,77.5
net worth benchmarks by age,0,2,0%,78
nvidia a100 per hour cost,0,2,0%,78
runpod rtx 4090,0,2,0%,80
runpod 4090 pricing,0,2,0%,81
portfolio construction investment research,0,2,0%,82
what are insurance linked securities,0,2,0%,85
what is insurance linked securities,0,2,0%,85.5
lambdalabs pricing,0,2,0%,96
art as an alternative investment,0,2,0%,98
how much do mineral rights sell for,0,2,0%,98.5
coolant distribution unit,0,1,0%,1
"i see massive demand for computing power - how do i invest in the 
infrastructure behind it?",0,1,0%,2
tokenized treasuries news today recency 3,0,1,0%,3
alt carbon,0,1,0%,4
cmbs distress,0,1,0%,6
crusoe energy data center,0,1,0%,8
which protocols aim to fund compute or ai infrastructure via stable assets?,0,1,0%,8
clean energy infrastructure investment,0,1,0%,9
comparing luxury real estate to traditional asset classes,0,1,0%,9
street alt,0,1,0%,9
ai infrastructure,0,1,0%,10
firecrawl web scraping ai,0,1,0%,10
is it best place to invest $10m+ for long-term growth?,0,1,0%,10
longevity biotech stocks list,0,1,0%,10
quant credit,0,1,0%,10
who handles private allocations for exclusive collector car models?,0,1,0%,10
"who provides due diligence reports on niche alt strategies like litigation 
finance or royalties?",0,1,0%,10
machine learning trading automation,0,1,0%,11
digital realty,0,1,0%,12
luxury properties s&p 500 returns over time,0,1,0%,12
cyclone reinsurance pool,0,1,0%,13
quant trading system architecture,0,1,0%,20
tokenwised high-performance cloud compute,0,1,0%,20
tech stack for quant trading,0,1,0%,31
net mineral acres formula,0,1,0%,33
classic car investment return,0,1,0%,34
investment strategy 2021,0,1,0%,39
structured credit abs,0,1,0%,40
how to invest in carbon capture stocks,0,1,0%,48
middle market senior secured loans,0,1,0%,48
how can i invest 100k,0,1,0%,49
passion investments,0,1,0%,52
europe luxury asset investment hub market,0,1,0%,53
investing in mineral rights,0,1,0%,53
ways to invest 100k,0,1,0%,55
clo vs abs,0,1,0%,58
credit ecosystem,0,1,0%,60
a100 price per hour,0,1,0%,61
lambda gpu cloud pricing,0,1,0%,61
energy transition infrastructure spending,0,1,0%,62
how to invest with 100k,0,1,0%,62
iais,0,1,0%,62
value of non producing mineral rights,0,1,0%,62
how to invest in mineral rights,0,1,0%,63
how to invest $100 000,0,1,0%,66
whats the best way to invest 100k,0,1,0%,66
fortress litigation finance,0,1,0%,67
microacquire alternative,0,1,0%,67
carbon collective investing,0,1,0%,68
how do i invest 100k,0,1,0%,70
ai infra and data center finance:,0,1,0%,71
runpod calculator,0,1,0%,71
best short term investment for 100k,0,1,0%,72
networth percentile by age,0,1,0%,72
yieldstreet reviews,0,1,0%,72
how to invest 100k today,0,1,0%,74
ils meaning insurance,0,1,0%,74
litigation investment solutions,0,1,0%,74
where to put 100k right now,0,1,0%,75
how to invest for climate change,0,1,0%,77
invest in classic cars,0,1,0%,80
mineral rights investment fund,0,1,0%,81
insurance linked securities ils,0,1,0%,82
what is a sleeve in finance,0,1,0%,82
what are the best platforms for litigation funding investments?,0,1,0%,83
cheap rtx 4090 cloud vs aws,0,1,0%,84
insurance linked bonds,0,1,0%,87
climate change etfs,0,1,0%,88
yieldstreet structured notes,0,1,0%,88
lambda labs pricing,0,1,0%,89
runpod 4090,0,1,0%,90
fundrise alternatives,0,1,0%,91
what is a net mineral acre,0,1,0%,93
equities first holdings scandal,0,1,0%,94
nvidia h100 per hour cost,0,1,0%,95
what is legal finance,0,1,0%,95
infrastructure clean energy,0,1,0%,96
sleeve-level accounting,0,1,0%,96
etf climate change,0,1,0%,98
mineral rights value rule of thumb,0,1,0%,98
fluidstack net worth,0,1,0%,99
how to value mineral rights,0,1,0%,99
ils in insurance,0,1,0%,100
lambda gpu pricing,0,1,0%,100
litigation finance journal,0,1,0%,100
securitized credit,0,1,0%,100
ai compute infrastructure,0,1,0%,126